aatrox;9.0;49.2;6.5;1.0;0.0016;;6.40;0.28;
ahri;14.5;52.7;19.7;1.4;0.0002;;6.01;0.32;
akali;10.0;47.7;16.9;1.0;0.0010;;5.56;0.27;
akshan;5.5;50.8;9.3;0.9;0.0026;;6.16;0.30;
alistar;4.5;48.2;1.0;0.2;0.0000;;1.30;0.83;
amumu;2.3;50.7;0.7;0.2;0.0000;;4.58;0.29;
anivia;3.9;52.2;4.0;0.7;0.0000;;6.00;0.39;
annie;2.1;48.7;0.4;0.2;0.0000;;5.22;0.34;
aphelios;5.0;43.3;0.7;0.4;0.0048;;6.64;0.32;
ashe;7.4;52.6;0.5;0.5;0.0010;;5.13;0.41;
aurelion sol;1.0;49.8;0.2;0.2;0.0025;;5.93;0.32;
azir;2.1;49.3;0.2;0.3;0.0000;;6.58;0.34;
bard;2.8;50.9;0.3;0.3;0.0000;;0.88;1.06;
blitzcrank;8.6;51.3;23.1;0.5;0.0000;;1.19;0.86;
brand;3.9;50.8;2.0;0.4;0.0000;;2.69;0.78;
braum;2.2;47.9;0.3;0.1;0.0000;;1.21;0.82;
caitlyn;9.8;47.4;5.6;0.5;0.0020;;6.62;0.31;
camille;5.9;49.7;4.3;0.6;0.0004;;5.92;0.28;
cassiopeia;2.8;54.1;1.4;0.4;0.0026;;6.82;0.32;
cho'gath;2.9;50.3;0.6;0.3;0.0000;;6.17;0.29;
corki;2.6;46.4;0.4;0.1;0.0000;;6.78;0.33;
darius;8.4;52.1;21.7;1.2;0.0089;;6.73;0.28;
diana;12.3;49.9;13.1;1.2;0.0006;;6.45;0.19;
dr. mundo;1.9;49.4;0.7;0.1;0.0000;;6.46;0.27;
draven;5.4;49.7;6.7;0.9;0.0049;;6.86;0.28;
ekko;9.3;51.0;3.9;1.1;0.0028;;5.95;0.20;
elise;2.6;51.0;2.1;0.2;0.0000;;4.61;0.22;
evelynn;2.9;48.8;5.6;0.4;0.0008;;5.08;0.24;
ezreal;21.1;48.3;4.3;0.9;0.0014;;6.70;0.31;
fiddlesticks;3.4;51.8;1.8;0.5;0.0000;;5.17;0.22;
fiora;7.2;49.7;13.9;0.8;0.0013;;6.51;0.28;
fizz;4.0;51.4;4.1;0.6;0.0012;;5.70;0.24;
galio;3.0;48.8;0.3;0.2;0.0000;;4.19;0.46;
gangplank;10.8;48.9;18.5;1.6;0.0022;;6.98;0.29;
garen;6.7;50.9;2.9;0.9;0.0007;;6.96;0.28;
gnar;3.5;48.2;0.7;0.3;0.0000;;6.35;0.30;
gragas;4.2;46.6;0.4;0.3;0.0000;;5.12;0.33;
graves;17.0;49.4;19.2;1.1;0.0027;;6.98;0.34;
gwen;3.6;49.7;1.7;0.2;0.0013;;6.67;0.26;
hecarim;3.8;46.8;5.2;0.3;0.0000;;5.74;0.17;
heimerdinger;1.6;51.4;0.4;0.3;0.0000;;5.51;0.40;
illaoi;2.6;48.5;1.9;0.4;0.0000;;7.45;0.29;
irelia;12.2;48.1;26.8;1.3;0.0024;;7.63;0.28;
ivern;1.2;51.8;0.3;0.1;0.0000;;3.83;0.27;
janna;4.0;52.8;1.0;0.5;0.0000;;0.57;0.89;
jarvan iv;5.0;47.0;0.6;0.3;0.0005;;4.93;0.23;
jax;8.4;49.3;8.6;0.7;0.0020;;6.43;0.30;
jayce;5.5;46.3;1.6;0.5;0.0018;;6.82;0.31;
jhin;14.0;49.3;1.7;1.5;0.0019;;6.49;0.32;
jinx;20.3;51.0;5.2;2.3;0.0058;;7.08;0.31;
kai'sa;19.0;47.5;5.8;1.8;0.0029;;6.90;0.31;
kalista;2.3;50.6;0.2;0.2;0.0031;;7.19;0.31;
karma;11.3;47.9;7.0;0.9;0.0000;;1.32;0.86;
karthus;5.7;50.0;10.6;0.4;0.0004;;6.93;0.20;
kassadin;3.4;51.0;6.3;0.3;0.0099;;6.20;0.26;
katarina;11.4;50.4;9.7;1.9;0.0095;;5.55;0.26;
kayle;4.9;54.9;1.7;0.7;0.0049;;7.58;0.30;
kayn;9.7;51.2;10.7;1.2;0.0012;;6.09;0.17;
kennen;2.5;48.1;0.5;0.2;0.0000;;5.86;0.30;
kha'zix;8.4;52.3;6.8;1.0;0.0017;;5.54;0.18;
kindred;4.2;51.0;2.5;0.5;0.0040;;6.13;0.19;
kled;2.0;47.5;0.7;0.3;0.0000;;5.77;0.28;
kog'maw;2.2;54.5;0.2;0.2;0.0066;;6.66;0.30;
leblanc;5.4;47.8;12.5;0.3;0.0009;;5.13;0.31;
lee sin;14.7;45.9;15.3;1.3;0.0007;;5.24;0.46;
leona;7.2;48.1;11.4;0.3;0.0000;;1.26;0.84;
lillia;6.3;51.3;2.0;0.3;0.0015;;6.47;0.21;
lissandra;3.4;50.0;0.8;0.3;0.0007;;6.11;0.33;
lucian;21.4;51.2;19.1;1.6;0.0036;;7.14;0.32;
lulu;12.3;50.8;20.9;1.1;0.0000;;0.73;0.86;
lux;13.2;49.9;4.7;1.3;0.0000;;3.20;0.66;
malphite;6.0;49.7;5.3;0.2;0.0004;;5.15;0.31;
malzahar;3.7;47.9;2.7;0.4;0.0000;;6.69;0.35;
maokai;2.2;47.7;0.1;0.1;0.0000;;2.30;0.61;
master yi;5.5;49.0;9.4;0.9;0.0144;;5.88;0.17;
miss fortune;12.6;50.5;3.1;1.0;0.0027;;6.36;0.35;
mordekaiser;5.8;50.2;4.3;0.4;0.0008;;6.24;0.27;
morgana;6.5;49.1;23.3;0.3;0.0000;;1.63;0.83;
nami;13.4;51.5;4.1;1.4;0.0000;;0.45;0.92;
nasus;3.5;49.7;2.4;0.4;0.0000;;6.21;0.27;
nautilus;13.0;51.0;22.2;0.9;0.0000;;1.31;0.83;
neeko;2.6;49.6;0.2;0.3;0.0009;;5.14;0.46;
nidalee;7.5;48.2;7.5;0.6;0.0022;;5.73;0.21;
nocturne;7.3;51.9;6.4;0.7;0.0013;;5.85;0.20;
nunu & willump;3.6;48.9;1.5;0.5;0.0014;;4.93;0.18;
olaf;1.1;45.5;0.5;0.1;0.0000;;5.95;0.18;
orianna;2.6;46.2;0.2;0.1;0.0009;;6.32;0.35;
ornn;5.1;52.4;0.7;0.3;0.0005;;5.90;0.29;
pantheon;5.9;49.6;0.9;0.4;0.0008;;3.88;0.49;
poppy;4.7;50.7;4.6;0.4;0.0000;;4.97;0.29;
pyke;13.4;50.2;17.5;2.2;0.0032;;1.75;0.95;
qiyana;6.0;50.9;4.4;1.0;0.0004;;5.71;0.22;
quinn;2.2;51.0;1.2;0.3;0.0022;;6.02;0.28;
rakan;4.9;48.9;0.3;0.3;0.0000;;1.28;1.07;
rammus;2.8;52.2;4.2;0.4;0.0008;;4.69;0.18;
rek'sai;3.9;50.1;9.7;0.5;0.0000;;5.26;0.19;
rell;1.6;50.4;0.3;0.1;0.0000;;1.22;0.82;
renata glasc;7.5;52.5;10.0;0.9;0.0000;;0.86;0.89;
renekton;3.9;46.8;2.5;0.2;0.0012;;6.78;0.28;
rengar;7.9;50.5;17.2;1.6;0.0015;;5.78;0.20;
riven;6.5;51.3;3.6;1.2;0.0033;;6.71;0.27;
rumble;3.0;53.2;0.4;0.3;0.0016;;5.98;0.30;
ryze;2.0;40.6;0.2;0.1;0.0000;;6.88;0.33;
samira;12.8;51.5;23.7;1.2;0.0198;;6.86;0.29;
sejuani;2.7;50.4;0.2;0.3;0.0000;;5.37;0.22;
senna;10.7;51.4;5.6;1.4;0.0000;;1.33;0.79;
seraphine;3.4;50.4;0.4;0.3;0.0000;;2.85;0.68;
sett;7.4;49.9;4.2;0.7;0.0003;;5.75;0.32;
shaco;6.7;52.0;18.4;1.4;0.0007;;4.34;0.28;
shen;4.7;50.0;0.8;0.6;0.0000;;4.93;0.33;
shyvana;3.9;55.3;1.1;0.4;0.0012;;6.72;0.18;
singed;2.4;49.1;0.3;0.4;0.0000;;5.90;0.29;
sion;9.8;49.0;7.8;1.1;0.0002;;7.08;0.27;
sivir;2.9;52.5;0.2;0.2;0.0050;;7.18;0.33;
skarner;0.7;50.9;0.1;0.1;0.0000;;5.30;0.22;
sona;3.3;53.1;0.2;0.4;0.0000;;0.64;0.85;
soraka;8.3;52.9;7.8;0.9;0.0000;;0.73;0.82;
swain;2.7;49.1;0.5;0.4;0.0044;;2.82;0.61;
sylas;9.2;49.9;4.0;0.6;0.0018;;5.34;0.30;
syndra;3.2;47.7;0.6;0.2;0.0000;;5.90;0.41;
tahm kench;2.9;51.6;1.8;0.3;0.0000;;4.08;0.44;
taliyah;2.0;51.7;0.1;0.2;0.0012;;5.03;0.36;
talon;7.5;51.7;7.7;0.8;0.0013;;6.25;0.18;
taric;1.2;49.2;0.2;0.1;0.0000;;1.66;0.68;
teemo;4.1;50.4;4.8;0.5;0.0000;;6.22;0.29;
thresh;8.3;46.3;3.3;0.5;0.0000;;1.27;0.83;
tristana;4.8;49.7;0.9;0.4;0.0025;;6.69;0.32;
trundle;4.2;51.6;2.1;0.4;0.0006;;5.76;0.23;
tryndamere;3.7;50.0;12.2;0.4;0.0020;;7.31;0.27;
twisted fate;3.8;48.4;0.3;0.2;0.0000;;5.61;0.34;
twitch;6.8;50.3;3.6;1.1;0.0064;;5.60;0.33;
udyr;1.5;52.5;0.5;0.3;0.0047;;6.24;0.17;
urgot;2.7;52.9;1.0;0.5;0.0009;;6.90;0.29;
varus;2.2;45.6;0.1;0.1;0.0022;;6.45;0.32;
vayne;13.0;50.1;15.5;1.3;0.0070;;6.54;0.30;
veigar;8.2;50.5;7.3;0.8;0.0006;;6.11;0.38;
vel'koz;2.8;49.9;0.2;0.4;0.0000;;3.39;0.70;
vex;7.7;50.8;15.2;0.5;0.0013;;5.59;0.34;
vi;3.9;50.2;1.0;0.5;0.0018;;5.54;0.21;
viego;10.8;49.2;9.5;1.0;0.0031;;5.71;0.17;
viktor;7.4;49.6;4.5;0.7;0.0013;;6.73;0.33;
vladimir;5.7;51.0;6.3;0.9;0.0034;;6.68;0.30;
volibear;9.3;52.1;5.7;1.0;0.0010;;5.68;0.23;
warwick;4.3;53.2;1.3;0.8;0.0000;;5.17;0.21;
wukong;8.9;50.3;4.8;0.6;0.0003;;5.75;0.23;
xayah;14.7;51.5;14.6;1.0;0.0016;;6.97;0.32;
xerath;7.6;50.2;5.5;0.7;0.0000;;3.27;0.68;
xin zhao;3.4;50.7;1.8;0.2;0.0000;;5.54;0.19;
yasuo;13.6;49.7;23.3;1.6;0.0012;;7.21;0.29;
yone;11.0;49.5;15.7;0.9;0.0017;;6.98;0.28;
yorick;2.7;51.9;2.3;0.4;0.0000;;7.21;0.29;
yuumi;11.9;49.9;26.9;1.4;0.0000;;0.24;0.75;
zac;5.9;50.2;3.8;0.9;0.0000;;4.97;0.22;
zed;12.3;49.4;40.2;1.4;0.0014;;6.09;0.24;
zeri;4.9;46.0;8.9;0.7;0.0049;;6.85;0.31;
ziggs;2.5;53.8;0.2;0.2;0.0000;;6.49;0.35;
zilean;4.1;52.4;1.9;0.6;0.0000;;2.16;0.75;
zoe;3.5;47.2;1.0;0.4;0.0000;;5.29;0.38;
zyra;3.4;51.4;1.3;0.5;0.0000;;1.81;0.90;
